{
  "swagger" : "2.0",
  "info" : {
    "version" : "1.0",
    "title" : "Summary about the new REST service.",
    "description" : "Summary about the new REST service."
  },
  "host" : "localhost:8080",
  "basePath" : "/",
  "schemes" : [ "http" ],
  "consumes" : [ "application/json" ],
  "produces" : [ "application/json" ],
  "paths" : {
    "/login" : {
      "post" : {
        "description" : "",
        "operationId" : "post-login",
        "consumes" : [ "application/json" ],
        "produces" : [ "application/json" ],
        "parameters" : [ {
          "name" : "body",
          "in" : "body",
          "description" : "",
          "schema" : {
            "$ref" : "#/definitions/Resource"
          },
          "required" : true
        } ],
        "responses" : {
          "304" : {
            "description" : "Not Modified",
            "schema" : {
              "type" : "string"
            }
          },
          "400" : {
            "description" : "Bad Request",
            "schema" : {
              "type" : "string"
            }
          },
          "401" : {
            "description" : "Unauthorized",
            "schema" : {
              "type" : "string"
            }
          },
          "307" : {
            "description" : "Temporary Redirect",
            "schema" : {
              "type" : "string"
            }
          },
          "201" : {
            "description" : "Created",
            "schema" : {
              "type" : "string"
            }
          },
          "202" : {
            "description" : "Accepted",
            "schema" : {
              "type" : "string"
            }
          },
          "204" : {
            "description" : "No Content",
            "schema" : {
              "type" : "string"
            }
          },
          "301" : {
            "description" : "Moved Permanently",
            "schema" : {
              "type" : "string"
            }
          },
          "303" : {
            "description" : "See Other",
            "schema" : {
              "type" : "string"
            }
          }
        }
      }
    }
  },
  "definitions" : {
    "Resource" : {
      "type" : "object",
      "required" : [ "name" ],
      "properties" : {
        "name" : {
          "type" : "string"
        },
        "pass" : {
          "type" : "string"
        }
      }
    }
  }
}